Date,New York State Average ($/gal),Albany Average ($/gal),Batavia Average ($/gal),Binghamton Average ($/gal),Buffalo Average ($/gal),Dutchess Average ($/gal),Elmira Average ($/gal),Glens Falls Average ($/gal),Ithaca Average ($/gal),Kingston Average ($/gal),Nassau Average ($/gal),New York City Average ($/gal),Rochester Average ($/gal),Syracuse Average ($/gal),Utica Average ($/gal),Watertown Average ($/gal),White Plains Average ($/gal)
5/2/2022,4.29,4.25,4.23,4.26,4.21,4.39,4.24,4.3,4.24,4.16,4.24,4.33,4.29,4.26,4.28,4.27,4.42
4/25/2022,4.22,4.2,4.22,4.22,4.22,4.34,4.18,4.24,4.21,4.08,4.11,4.22,4.28,4.24,4.25,4.25,4.36
4/18/2022,4.2,4.17,4.24,4.2,4.25,4.29,4.14,4.2,4.2,4.03,4.07,4.17,4.28,4.22,4.22,4.26,4.33
4/11/2022,4.27,4.23,4.3,4.27,4.31,4.36,4.2,4.26,4.24,4.1,4.17,4.27,4.33,4.27,4.27,4.31,4.4
4/4/2022,4.32,4.27,4.34,4.31,4.35,4.39,4.23,4.29,4.28,4.17,4.25,4.35,4.36,4.3,4.27,4.34,4.45
3/28/2022,4.35,4.29,4.35,4.34,4.37,4.43,4.26,4.31,4.33,4.21,4.31,4.41,4.38,4.31,4.29,4.34,4.48
3/21/2022,4.4,4.34,4.36,4.37,4.39,4.47,4.35,4.34,4.39,4.3,4.4,4.46,4.4,4.37,4.34,4.37,4.51
3/14/2022,4.44,4.43,4.36,4.42,4.38,4.52,4.39,4.46,4.42,4.41,4.44,4.48,4.4,4.41,4.4,4.4,4.68
3/7/2022,4.02,4.03,3.96,4.04,3.97,4.07,3.97,4.06,4,3.99,4,4.04,4.01,3.99,4,4.01,4.08
2/28/2022,3.78,3.79,3.72,3.8,3.72,3.78,3.74,3.82,3.79,3.77,3.76,3.81,3.77,3.73,3.78,3.76,3.82
2/21/2022,3.73,3.75,3.67,3.76,3.68,3.73,3.7,3.79,3.73,3.73,3.71,3.76,3.73,3.69,3.75,3.71,3.79
2/14/2022,3.65,3.68,3.6,3.67,3.59,3.67,3.61,3.74,3.66,3.61,3.61,3.68,3.65,3.62,3.68,3.63,3.73
2/7/2022,3.57,3.6,3.52,3.56,3.52,3.6,3.51,3.65,3.58,3.51,3.5,3.59,3.57,3.54,3.62,3.57,3.67
1/31/2022,3.52,3.53,3.46,3.49,3.47,3.56,3.42,3.58,3.52,3.44,3.46,3.54,3.52,3.49,3.55,3.53,3.64
1/24/2022,3.49,3.47,3.44,3.44,3.45,3.54,3.35,3.52,3.49,3.37,3.42,3.52,3.5,3.46,3.53,3.51,3.62
1/17/2022,3.48,3.45,3.44,3.42,3.44,3.53,3.33,3.5,3.49,3.34,3.41,3.51,3.5,3.46,3.52,3.5,3.62
1/10/2022,3.49,3.45,3.44,3.43,3.45,3.54,3.34,3.5,3.49,3.33,3.42,3.53,3.5,3.46,3.52,3.5,3.62
1/3/2022,3.49,3.45,3.45,3.45,3.45,3.54,3.35,3.5,3.49,3.34,3.43,3.53,3.5,3.46,3.52,3.51,3.63
12/27/2021,3.5,3.45,3.46,3.45,3.45,3.55,3.36,3.5,3.5,3.36,3.45,3.55,3.5,3.47,3.52,3.52,3.64
12/20/2021,3.52,3.47,3.47,3.47,3.46,3.56,3.4,3.52,3.5,3.39,3.48,3.57,3.51,3.48,3.53,3.55,3.65
12/13/2021,3.53,3.48,3.47,3.48,3.46,3.56,3.42,3.55,3.5,3.43,3.5,3.59,3.51,3.48,3.55,3.56,3.65
12/6/2021,3.55,3.51,3.46,3.5,3.47,3.58,3.45,3.59,3.51,3.47,3.53,3.61,3.52,3.49,3.57,3.59,3.66
11/29/2021,3.56,3.53,3.47,3.51,3.47,3.59,3.47,3.6,3.52,3.5,3.55,3.63,3.53,3.5,3.58,3.6,3.67
11/22/2021,3.56,3.53,3.47,3.52,3.47,3.58,3.47,3.6,3.52,3.52,3.55,3.64,3.53,3.51,3.57,3.6,3.66
11/15/2021,3.56,3.52,3.47,3.52,3.47,3.57,3.48,3.59,3.52,3.52,3.55,3.63,3.53,3.5,3.57,3.58,3.65
11/8/2021,3.55,3.51,3.46,3.52,3.47,3.56,3.47,3.57,3.51,3.52,3.55,3.63,3.53,3.5,3.55,3.56,3.63
11/1/2021,3.54,3.5,3.46,3.51,3.46,3.54,3.49,3.54,3.5,3.51,3.55,3.62,3.51,3.5,3.53,3.54,3.62
10/25/2021,3.51,3.47,3.44,3.49,3.43,3.5,3.48,3.51,3.49,3.46,3.5,3.58,3.48,3.46,3.49,3.48,3.57
10/18/2021,3.39,3.37,3.35,3.39,3.33,3.4,3.37,3.42,3.4,3.33,3.36,3.45,3.39,3.36,3.41,3.39,3.47
10/11/2021,3.32,3.28,3.28,3.3,3.27,3.3,3.26,3.35,3.32,3.22,3.29,3.38,3.32,3.29,3.34,3.3,3.38
10/4/2021,3.28,3.23,3.25,3.24,3.23,3.26,3.18,3.3,3.28,3.17,3.27,3.34,3.28,3.24,3.3,3.26,3.33
9/27/2021,3.28,3.24,3.27,3.25,3.23,3.26,3.21,3.3,3.28,3.19,3.28,3.35,3.28,3.24,3.3,3.26,3.33
9/20/2021,3.28,3.24,3.26,3.26,3.23,3.26,3.22,3.3,3.28,3.21,3.28,3.35,3.28,3.24,3.3,3.25,3.32
9/13/2021,3.28,3.24,3.26,3.27,3.23,3.24,3.22,3.3,3.27,3.24,3.28,3.35,3.28,3.24,3.3,3.25,3.31
9/6/2021,3.26,3.22,3.24,3.24,3.2,3.23,3.22,3.28,3.23,3.2,3.25,3.33,3.25,3.23,3.28,3.23,3.31
8/30/2021,3.22,3.16,3.24,3.17,3.15,3.2,3.12,3.24,3.19,3.11,3.22,3.32,3.19,3.19,3.27,3.21,3.29
8/23/2021,3.22,3.16,3.23,3.17,3.14,3.2,3.1,3.24,3.19,3.1,3.21,3.32,3.19,3.19,3.27,3.22,3.29
8/16/2021,3.22,3.16,3.23,3.19,3.15,3.21,3.14,3.24,3.19,3.11,3.22,3.31,3.2,3.19,3.27,3.22,3.29
8/9/2021,3.22,3.16,3.21,3.21,3.15,3.21,3.15,3.24,3.2,3.1,3.22,3.31,3.2,3.19,3.26,3.23,3.29
8/2/2021,3.21,3.14,3.18,3.19,3.14,3.19,3.13,3.21,3.19,3.08,3.2,3.29,3.19,3.17,3.24,3.22,3.27
7/26/2021,3.2,3.14,3.17,3.17,3.12,3.19,3.11,3.21,3.17,3.09,3.2,3.28,3.17,3.16,3.24,3.22,3.26
7/19/2021,3.2,3.15,3.16,3.17,3.12,3.19,3.15,3.22,3.18,3.1,3.2,3.28,3.17,3.16,3.25,3.22,3.26
7/12/2021,3.19,3.13,3.16,3.17,3.12,3.18,3.17,3.2,3.18,3.1,3.19,3.28,3.16,3.16,3.24,3.21,3.25
7/5/2021,3.17,3.11,3.12,3.15,3.11,3.17,3.14,3.16,3.14,3.09,3.17,3.26,3.14,3.15,3.22,3.2,3.23
6/28/2021,3.14,3.09,3.1,3.1,3.07,3.14,3.08,3.14,3.11,3.08,3.14,3.22,3.1,3.13,3.2,3.18,3.21
6/21/2021,3.13,3.07,3.09,3.09,3.06,3.12,3.07,3.13,3.08,3.04,3.12,3.21,3.09,3.1,3.18,3.16,3.19
6/14/2021,3.1,3.05,3.03,3.04,3.02,3.11,3.01,3.12,3.04,3,3.08,3.2,3.05,3.05,3.16,3.15,3.19
6/7/2021,3.08,3.04,3.01,3.01,3.01,3.1,3,3.09,3.02,2.99,3.06,3.18,3.03,3.04,3.13,3.14,3.17
5/31/2021,3.08,3.03,3,3,3,3.09,2.99,3.08,3,2.99,3.06,3.18,3.03,3.04,3.11,3.13,3.16
5/24/2021,3.07,3.02,2.98,3,2.98,3.08,2.99,3.07,2.99,2.99,3.06,3.18,3.01,3.02,3.09,3.1,3.16
5/17/2021,3.04,3,2.97,2.99,2.95,3.06,2.97,3.04,2.97,2.97,3.04,3.16,2.99,2.99,3.06,3.06,3.14
5/10/2021,2.98,2.95,2.92,2.94,2.91,3.01,2.92,2.99,2.93,2.9,2.96,3.08,2.94,2.93,3,3.01,3.08
5/3/2021,2.93,2.9,2.88,2.88,2.87,2.96,2.87,2.95,2.89,2.85,2.9,3.03,2.9,2.89,2.96,2.96,3.03
4/26/2021,2.92,2.88,2.86,2.87,2.85,2.95,2.82,2.94,2.87,2.83,2.88,3,2.88,2.88,2.95,2.95,3.01
4/19/2021,2.89,2.86,2.85,2.85,2.82,2.94,2.78,2.92,2.86,2.82,2.85,2.96,2.87,2.85,2.93,2.95,2.99
4/12/2021,2.9,2.87,2.84,2.87,2.82,2.94,2.79,2.92,2.88,2.83,2.86,2.97,2.87,2.85,2.93,2.95,2.99
4/5/2021,2.9,2.88,2.84,2.88,2.82,2.95,2.81,2.93,2.88,2.85,2.86,2.98,2.88,2.86,2.93,2.95,3
3/29/2021,2.91,2.88,2.84,2.9,2.83,2.93,2.85,2.93,2.89,2.86,2.88,2.99,2.88,2.87,2.94,2.95,3
3/22/2021,2.91,2.89,2.84,2.9,2.83,2.95,2.87,2.93,2.88,2.87,2.88,2.99,2.88,2.87,2.93,2.95,3
3/15/2021,2.88,2.86,2.81,2.86,2.81,2.91,2.84,2.89,2.85,2.83,2.84,2.95,2.85,2.84,2.89,2.89,2.96
3/8/2021,2.81,2.79,2.74,2.8,2.75,2.82,2.78,2.82,2.78,2.78,2.79,2.88,2.79,2.78,2.82,2.83,2.89
3/1/2021,2.75,2.73,2.69,2.74,2.69,2.77,2.72,2.75,2.73,2.7,2.72,2.8,2.73,2.72,2.76,2.77,2.82
2/22/2021,2.66,2.63,2.57,2.65,2.59,2.67,2.63,2.67,2.62,2.61,2.63,2.72,2.62,2.6,2.68,2.68,2.74
2/15/2021,2.59,2.57,2.49,2.58,2.5,2.6,2.55,2.61,2.54,2.54,2.56,2.66,2.53,2.52,2.61,2.61,2.68
2/8/2021,2.54,2.51,2.42,2.51,2.45,2.56,2.5,2.55,2.49,2.5,2.53,2.62,2.48,2.46,2.56,2.57,2.63
2/1/2021,2.51,2.47,2.39,2.49,2.43,2.53,2.47,2.5,2.47,2.47,2.5,2.58,2.46,2.43,2.52,2.54,2.59
1/25/2021,2.49,2.45,2.38,2.48,2.43,2.5,2.47,2.49,2.46,2.44,2.47,2.55,2.45,2.42,2.49,2.51,2.57
1/18/2021,2.44,2.41,2.37,2.43,2.39,2.48,2.41,2.45,2.42,2.39,2.4,2.49,2.41,2.39,2.45,2.47,2.53
1/11/2021,2.36,2.34,2.29,2.33,2.3,2.41,2.32,2.4,2.33,2.33,2.32,2.4,2.33,2.32,2.4,2.38,2.46
1/4/2021,2.33,2.31,2.27,2.3,2.27,2.37,2.28,2.37,2.3,2.31,2.3,2.36,2.3,2.29,2.37,2.36,2.42
12/28/2020,2.32,2.3,2.25,2.29,2.26,2.36,2.27,2.36,2.28,2.28,2.28,2.34,2.29,2.28,2.36,2.36,2.4
12/21/2020,2.28,2.28,2.22,2.23,2.22,2.31,2.18,2.35,2.25,2.24,2.24,2.3,2.26,2.24,2.34,2.32,2.37
12/14/2020,2.26,2.27,2.22,2.23,2.19,2.3,2.17,2.35,2.24,2.23,2.19,2.26,2.23,2.19,2.33,2.3,2.37
12/7/2020,2.25,2.27,2.21,2.22,2.2,2.3,2.19,2.35,2.23,2.23,2.17,2.26,2.24,2.19,2.32,2.29,2.35
11/30/2020,2.22,2.24,2.19,2.13,2.18,2.29,2.13,2.32,2.18,2.15,2.14,2.24,2.21,2.14,2.3,2.28,2.34
11/23/2020,2.22,2.24,2.19,2.12,2.19,2.29,2.14,2.32,2.18,2.14,2.14,2.24,2.22,2.14,2.3,2.28,2.34
11/16/2020,2.22,2.24,2.19,2.13,2.19,2.3,2.17,2.32,2.19,2.14,2.14,2.23,2.23,2.15,2.31,2.28,2.33
11/9/2020,2.22,2.23,2.19,2.13,2.19,2.3,2.15,2.3,2.17,2.14,2.14,2.23,2.22,2.15,2.3,2.29,2.34
11/2/2020,2.24,2.24,2.19,2.15,2.2,2.31,2.16,2.32,2.18,2.15,2.16,2.26,2.23,2.16,2.3,2.29,2.35
10/26/2020,2.25,2.26,2.2,2.16,2.22,2.32,2.16,2.33,2.18,2.16,2.18,2.27,2.23,2.18,2.31,2.29,2.36
10/19/2020,2.25,2.26,2.2,2.17,2.22,2.32,2.17,2.34,2.18,2.16,2.18,2.28,2.24,2.18,2.31,2.3,2.37
10/12/2020,2.26,2.26,2.21,2.16,2.23,2.32,2.18,2.34,2.18,2.16,2.18,2.29,2.24,2.19,2.31,2.3,2.37
10/5/2020,2.26,2.27,2.21,2.17,2.23,2.32,2.18,2.34,2.2,2.17,2.19,2.3,2.25,2.19,2.32,2.31,2.37
9/28/2020,2.27,2.28,2.21,2.18,2.23,2.33,2.18,2.35,2.2,2.19,2.19,2.3,2.25,2.21,2.32,2.32,2.38
9/21/2020,2.28,2.29,2.21,2.19,2.24,2.33,2.18,2.36,2.21,2.22,2.2,2.31,2.26,2.22,2.32,2.32,2.39
9/14/2020,2.29,2.31,2.22,2.21,2.25,2.34,2.19,2.36,2.21,2.23,2.22,2.32,2.27,2.23,2.32,2.33,2.4
9/7/2020,2.3,2.32,2.24,2.22,2.26,2.35,2.2,2.37,2.23,2.23,2.23,2.33,2.28,2.24,2.33,2.34,2.4
8/31/2020,2.28,2.31,2.23,2.2,2.24,2.34,2.17,2.37,2.21,2.21,2.21,2.32,2.26,2.22,2.32,2.32,2.39
8/24/2020,2.25,2.27,2.22,2.17,2.18,2.32,2.12,2.33,2.18,2.16,2.19,2.3,2.22,2.17,2.3,2.28,2.37
8/17/2020,2.25,2.27,2.22,2.17,2.19,2.32,2.12,2.33,2.18,2.17,2.19,2.31,2.22,2.18,2.29,2.28,2.38
8/10/2020,2.26,2.28,2.23,2.17,2.19,2.33,2.13,2.34,2.18,2.18,2.19,2.32,2.22,2.19,2.29,2.28,2.38
8/3/2020,2.26,2.29,2.23,2.18,2.21,2.33,2.14,2.35,2.19,2.18,2.2,2.32,2.23,2.2,2.29,2.28,2.39
7/27/2020,2.27,2.29,2.24,2.18,2.22,2.33,2.14,2.36,2.19,2.18,2.2,2.32,2.24,2.2,2.3,2.28,2.39
7/20/2020,2.26,2.29,2.23,2.19,2.2,2.33,2.13,2.35,2.18,2.18,2.2,2.33,2.22,2.19,2.29,2.28,2.39
7/13/2020,2.25,2.27,2.24,2.18,2.19,2.32,2.1,2.33,2.16,2.17,2.19,2.33,2.21,2.16,2.27,2.28,2.39
7/6/2020,2.25,2.24,2.23,2.17,2.19,2.32,2.1,2.29,2.15,2.17,2.19,2.33,2.21,2.15,2.27,2.28,2.38
6/29/2020,2.24,2.23,2.24,2.17,2.19,2.31,2.1,2.29,2.16,2.15,2.18,2.33,2.21,2.14,2.26,2.26,2.38
6/22/2020,2.22,2.2,2.25,2.17,2.19,2.29,2.03,2.25,2.13,2.13,2.16,2.32,2.21,2.12,2.25,2.23,2.36
6/15/2020,2.22,2.19,2.24,2.16,2.19,2.28,2.02,2.23,2.13,2.13,2.16,2.31,2.21,2.11,2.23,2.22,2.35
6/8/2020,2.19,2.16,2.23,2.16,2.2,2.26,1.97,2.2,2.11,2.12,2.12,2.28,2.2,2.1,2.2,2.19,2.33
6/1/2020,2.18,2.14,2.22,2.16,2.2,2.25,1.97,2.18,2.11,2.11,2.11,2.27,2.2,2.09,2.18,2.18,2.33
5/25/2020,2.17,2.13,2.21,2.16,2.2,2.25,1.96,2.16,2.11,2.1,2.1,2.27,2.2,2.08,2.15,2.17,2.32
5/18/2020,2.16,2.1,2.22,2.17,2.2,2.25,1.95,2.11,2.12,2.09,2.09,2.26,2.19,2.06,2.12,2.13,2.32
5/11/2020,2.16,2.09,2.22,2.16,2.21,2.24,1.94,2.09,2.13,2.1,2.06,2.27,2.19,2.06,2.11,2.12,2.32
5/4/2020,2.17,2.1,2.25,2.18,2.22,2.26,1.94,2.09,2.15,2.11,2.07,2.29,2.19,2.08,2.12,2.14,2.33
4/27/2020,2.2,2.14,2.26,2.21,2.25,2.3,1.95,2.12,2.22,2.16,2.12,2.31,2.21,2.11,2.16,2.17,2.36
4/20/2020,2.24,2.19,2.3,2.26,2.28,2.34,1.97,2.18,2.26,2.21,2.16,2.34,2.23,2.16,2.22,2.21,2.4
4/13/2020,2.27,2.23,2.33,2.29,2.32,2.37,1.99,2.22,2.29,2.25,2.21,2.37,2.25,2.21,2.26,2.27,2.43
4/6/2020,2.31,2.27,2.41,2.32,2.35,2.41,2.01,2.26,2.36,2.29,2.25,2.4,2.29,2.26,2.3,2.31,2.46
3/30/2020,2.36,2.31,2.43,2.36,2.39,2.45,2.1,2.32,2.42,2.33,2.29,2.44,2.35,2.31,2.35,2.36,2.52
3/23/2020,2.44,2.41,2.46,2.4,2.43,2.54,2.22,2.41,2.51,2.4,2.36,2.5,2.42,2.37,2.46,2.42,2.59
3/16/2020,2.52,2.52,2.52,2.45,2.48,2.62,2.31,2.55,2.56,2.48,2.44,2.57,2.48,2.43,2.55,2.51,2.67
3/9/2020,2.58,2.56,2.58,2.49,2.52,2.66,2.37,2.6,2.6,2.52,2.5,2.63,2.54,2.49,2.6,2.56,2.72
3/2/2020,2.61,2.59,2.6,2.52,2.54,2.68,2.44,2.62,2.62,2.54,2.53,2.66,2.58,2.53,2.62,2.6,2.74
2/24/2020,2.61,2.6,2.6,2.52,2.55,2.69,2.48,2.63,2.63,2.54,2.54,2.67,2.56,2.48,2.62,2.61,2.75
2/17/2020,2.62,2.61,2.61,2.54,2.56,2.7,2.49,2.63,2.64,2.55,2.55,2.67,2.58,2.5,2.62,2.63,2.76
2/10/2020,2.64,2.62,2.63,2.58,2.58,2.72,2.5,2.64,2.65,2.59,2.58,2.7,2.6,2.52,2.63,2.65,2.78
2/3/2020,2.67,2.64,2.63,2.62,2.6,2.74,2.52,2.65,2.66,2.63,2.62,2.73,2.63,2.56,2.66,2.68,2.81
1/27/2020,2.7,2.66,2.65,2.66,2.62,2.76,2.57,2.67,2.67,2.67,2.66,2.76,2.66,2.6,2.68,2.7,2.83
1/20/2020,2.72,2.67,2.66,2.69,2.63,2.77,2.61,2.69,2.69,2.69,2.69,2.78,2.68,2.62,2.69,2.71,2.85
1/13/2020,2.73,2.68,2.67,2.71,2.65,2.78,2.63,2.69,2.7,2.7,2.7,2.79,2.69,2.64,2.7,2.72,2.85
1/6/2020,2.72,2.66,2.66,2.69,2.65,2.77,2.66,2.67,2.69,2.67,2.69,2.78,2.7,2.64,2.68,2.71,2.84
12/30/2019,2.69,2.63,2.66,2.61,2.65,2.76,2.62,2.64,2.66,2.61,2.66,2.77,2.69,2.6,2.64,2.68,2.83
12/23/2019,2.68,2.62,2.65,2.6,2.6,2.75,2.67,2.63,2.66,2.6,2.64,2.76,2.65,2.59,2.62,2.67,2.83
12/16/2019,2.68,2.61,2.65,2.61,2.61,2.75,2.68,2.63,2.66,2.59,2.63,2.75,2.66,2.58,2.61,2.66,2.82
12/9/2019,2.68,2.62,2.66,2.62,2.61,2.75,2.68,2.64,2.66,2.6,2.64,2.76,2.66,2.59,2.62,2.67,2.83
12/2/2019,2.69,2.62,2.66,2.62,2.62,2.75,2.68,2.64,2.67,2.61,2.64,2.76,2.66,2.59,2.62,2.67,2.83
11/25/2019,2.69,2.62,2.66,2.62,2.62,2.75,2.69,2.64,2.66,2.62,2.65,2.76,2.67,2.59,2.62,2.67,2.83
11/18/2019,2.69,2.63,2.65,2.62,2.63,2.75,2.69,2.67,2.66,2.62,2.66,2.76,2.67,2.59,2.63,2.66,2.83
11/11/2019,2.7,2.63,2.66,2.63,2.64,2.75,2.69,2.69,2.67,2.61,2.66,2.77,2.68,2.6,2.66,2.66,2.83
11/4/2019,2.7,2.63,2.66,2.63,2.65,2.75,2.69,2.7,2.66,2.6,2.65,2.77,2.67,2.6,2.67,2.66,2.83
10/28/2019,2.69,2.63,2.67,2.64,2.66,2.75,2.69,2.71,2.67,2.59,2.64,2.78,2.67,2.58,2.67,2.65,2.83
10/21/2019,2.7,2.64,2.68,2.66,2.66,2.75,2.69,2.71,2.66,2.58,2.64,2.78,2.68,2.59,2.69,2.66,2.83
10/14/2019,2.71,2.64,2.68,2.66,2.67,2.76,2.69,2.72,2.67,2.59,2.65,2.79,2.7,2.6,2.71,2.67,2.84
10/7/2019,2.73,2.66,2.7,2.68,2.69,2.77,2.7,2.73,2.67,2.6,2.67,2.8,2.72,2.62,2.72,2.69,2.86
9/30/2019,2.74,2.67,2.71,2.69,2.71,2.79,2.72,2.75,2.68,2.62,2.69,2.82,2.74,2.64,2.73,2.72,2.87
9/23/2019,2.75,2.68,2.72,2.69,2.73,2.8,2.73,2.76,2.69,2.63,2.69,2.83,2.74,2.65,2.74,2.75,2.88
9/16/2019,2.73,2.65,2.7,2.6,2.71,2.81,2.73,2.74,2.62,2.62,2.67,2.83,2.7,2.59,2.73,2.69,2.88
9/9/2019,2.75,2.66,2.73,2.62,2.73,2.82,2.74,2.75,2.65,2.65,2.7,2.86,2.72,2.62,2.74,2.71,2.91
9/2/2019,2.78,2.68,2.75,2.66,2.75,2.83,2.74,2.76,2.7,2.67,2.74,2.9,2.74,2.65,2.76,2.74,2.93
8/26/2019,2.8,2.69,2.77,2.68,2.77,2.86,2.74,2.77,2.73,2.69,2.78,2.93,2.76,2.68,2.78,2.75,2.95
8/19/2019,2.83,2.7,2.79,2.71,2.79,2.88,2.74,2.77,2.75,2.72,2.82,2.95,2.78,2.71,2.81,2.76,2.98
8/12/2019,2.85,2.72,2.82,2.75,2.81,2.91,2.75,2.78,2.78,2.74,2.85,2.98,2.81,2.74,2.83,2.78,3
8/5/2019,2.87,2.74,2.83,2.77,2.82,2.93,2.75,2.79,2.8,2.76,2.88,2.99,2.82,2.77,2.84,2.8,3.01
7/29/2019,2.88,2.74,2.83,2.79,2.83,2.93,2.77,2.8,2.81,2.78,2.89,3,2.83,2.78,2.84,2.81,3.02
7/22/2019,2.89,2.76,2.84,2.84,2.85,2.95,2.8,2.81,2.84,2.8,2.9,3.01,2.84,2.8,2.85,2.82,3.03
7/15/2019,2.88,2.75,2.84,2.82,2.85,2.94,2.77,2.79,2.82,2.79,2.89,2.99,2.84,2.79,2.84,2.81,3.02
7/8/2019,2.88,2.75,2.84,2.8,2.86,2.93,2.78,2.78,2.81,2.8,2.88,2.97,2.85,2.78,2.83,2.81,3.01
7/1/2019,2.86,2.73,2.79,2.76,2.85,2.92,2.76,2.76,2.76,2.78,2.86,2.95,2.82,2.77,2.83,2.79,3
6/24/2019,2.85,2.72,2.78,2.74,2.85,2.93,2.73,2.75,2.75,2.78,2.86,2.95,2.81,2.76,2.83,2.79,3
6/17/2019,2.88,2.74,2.82,2.78,2.86,2.94,2.75,2.78,2.81,2.8,2.9,2.98,2.82,2.78,2.84,2.84,3.02
6/10/2019,2.91,2.77,2.84,2.82,2.88,2.97,2.79,2.8,2.85,2.82,2.94,3.02,2.85,2.82,2.86,2.91,3.05
6/3/2019,2.94,2.79,2.85,2.86,2.89,2.99,2.83,2.82,2.86,2.85,2.97,3.05,2.87,2.85,2.88,2.95,3.07
5/27/2019,2.95,2.81,2.85,2.87,2.89,3.01,2.84,2.83,2.87,2.87,2.99,3.07,2.89,2.86,2.89,2.96,3.09
5/20/2019,2.96,2.82,2.84,2.88,2.89,3.02,2.84,2.83,2.88,2.88,3.01,3.07,2.89,2.87,2.9,2.96,3.09
5/13/2019,2.97,2.83,2.84,2.9,2.89,3.02,2.85,2.84,2.89,2.9,3.02,3.09,2.9,2.88,2.9,2.96,3.1
5/6/2019,2.97,2.84,2.84,2.91,2.88,3.03,2.87,2.85,2.9,2.91,3.02,3.1,2.9,2.89,2.91,2.96,3.1
4/29/2019,2.94,2.82,2.83,2.89,2.85,3,2.87,2.83,2.89,2.88,2.98,3.07,2.87,2.87,2.89,2.93,3.06
4/22/2019,2.87,2.74,2.78,2.84,2.8,2.89,2.78,2.74,2.83,2.8,2.89,2.99,2.81,2.8,2.82,2.86,2.97
4/15/2019,2.8,2.67,2.75,2.77,2.73,2.81,2.72,2.69,2.77,2.73,2.81,2.91,2.77,2.76,2.78,2.81,2.9
4/8/2019,2.75,2.64,2.69,2.73,2.67,2.76,2.68,2.66,2.72,2.69,2.76,2.85,2.73,2.71,2.73,2.76,2.85
4/1/2019,2.72,2.64,2.65,2.72,2.63,2.75,2.68,2.66,2.71,2.68,2.73,2.82,2.69,2.67,2.7,2.73,2.83
3/25/2019,2.69,2.59,2.63,2.72,2.6,2.71,2.69,2.61,2.7,2.63,2.69,2.77,2.68,2.67,2.68,2.7,2.79
3/18/2019,2.63,2.52,2.55,2.65,2.56,2.66,2.63,2.54,2.64,2.59,2.64,2.7,2.61,2.61,2.62,2.63,2.75
3/11/2019,2.57,2.47,2.49,2.59,2.51,2.61,2.57,2.49,2.57,2.5,2.55,2.64,2.56,2.55,2.57,2.57,2.71
3/4/2019,2.53,2.44,2.47,2.48,2.51,2.59,2.46,2.47,2.47,2.43,2.5,2.62,2.48,2.47,2.5,2.5,2.7
2/25/2019,2.51,2.42,2.46,2.45,2.5,2.58,2.42,2.46,2.44,2.41,2.48,2.6,2.47,2.45,2.48,2.49,2.68
2/18/2019,2.47,2.38,2.45,2.36,2.51,2.59,2.33,2.4,2.36,2.38,2.41,2.54,2.42,2.37,2.44,2.44,2.67
2/11/2019,2.48,2.39,2.49,2.38,2.52,2.61,2.33,2.42,2.36,2.39,2.41,2.55,2.43,2.37,2.45,2.46,2.69
2/4/2019,2.5,2.41,2.54,2.39,2.54,2.62,2.33,2.43,2.37,2.41,2.43,2.56,2.45,2.39,2.47,2.48,2.71
1/28/2019,2.52,2.42,2.56,2.4,2.56,2.65,2.33,2.45,2.39,2.44,2.45,2.59,2.47,2.4,2.49,2.49,2.73
1/21/2019,2.54,2.43,2.56,2.42,2.58,2.67,2.33,2.47,2.4,2.45,2.47,2.61,2.5,2.42,2.51,2.53,2.74
1/14/2019,2.56,2.45,2.61,2.45,2.61,2.7,2.33,2.49,2.42,2.47,2.5,2.64,2.53,2.44,2.54,2.58,2.75
1/7/2019,2.6,2.48,2.68,2.5,2.66,2.72,2.35,2.53,2.44,2.5,2.54,2.67,2.58,2.48,2.58,2.67,2.79
12/31/2018,2.64,2.51,2.71,2.55,2.7,2.76,2.42,2.58,2.48,2.54,2.58,2.7,2.61,2.52,2.62,2.73,2.83
12/24/2018,2.69,2.56,2.71,2.61,2.75,2.81,2.57,2.63,2.54,2.58,2.63,2.75,2.66,2.57,2.67,2.81,2.87
12/17/2018,2.72,2.59,2.77,2.65,2.8,2.83,2.63,2.66,2.58,2.6,2.67,2.78,2.69,2.6,2.71,2.86,2.89
12/10/2018,2.76,2.62,2.81,2.69,2.86,2.86,2.66,2.7,2.63,2.63,2.7,2.81,2.74,2.64,2.75,2.87,2.92
12/3/2018,2.8,2.67,2.87,2.75,2.9,2.89,2.7,2.73,2.68,2.69,2.75,2.86,2.78,2.68,2.78,2.89,2.96
11/26/2018,2.85,2.72,2.89,2.8,2.93,2.92,2.75,2.77,2.72,2.75,2.79,2.91,2.82,2.72,2.82,2.93,3
11/19/2018,2.88,2.75,2.91,2.84,2.95,2.95,2.79,2.8,2.76,2.8,2.83,2.94,2.85,2.77,2.85,2.95,3.03
11/12/2018,2.92,2.8,2.92,2.89,2.97,2.98,2.88,2.83,2.82,2.84,2.88,2.98,2.89,2.82,2.89,2.98,3.07
11/5/2018,2.95,2.83,2.93,2.91,2.98,3,2.91,2.85,2.86,2.88,2.93,3.03,2.91,2.85,2.91,2.99,3.09
10/29/2018,2.97,2.85,2.94,2.93,2.99,3.01,2.92,2.87,2.89,2.9,2.96,3.06,2.93,2.89,2.92,3.01,3.12
10/22/2018,2.99,2.87,2.95,2.94,2.99,3.02,2.93,2.89,2.94,2.92,2.98,3.09,2.95,2.91,2.94,3.02,3.13
10/15/2018,3.01,2.89,2.94,2.96,3,3.03,2.95,2.91,2.96,2.93,2.99,3.1,2.97,2.94,2.97,3.03,3.14
10/8/2018,3,2.9,2.95,2.95,2.99,3.03,2.96,2.91,2.95,2.93,2.99,3.1,2.97,2.94,2.97,3.02,3.14
10/1/2018,2.99,2.86,2.94,2.91,2.99,3.02,2.94,2.86,2.9,2.9,2.97,3.09,2.93,2.91,2.94,3.02,3.13
9/24/2018,2.99,2.87,2.95,2.92,2.99,3.03,2.94,2.87,2.92,2.89,2.98,3.1,2.94,2.92,2.93,3.02,3.14
9/17/2018,3,2.88,2.96,2.93,2.99,3.04,2.95,2.89,2.93,2.89,2.99,3.1,2.96,2.93,2.94,3.03,3.14
9/10/2018,3,2.89,2.96,2.93,2.99,3.04,2.95,2.9,2.93,2.89,2.98,3.09,2.95,2.93,2.95,3.03,3.14
9/3/2018,2.99,2.87,2.96,2.92,2.99,3.04,2.94,2.88,2.93,2.89,2.98,3.09,2.92,2.89,2.94,3.02,3.14
8/27/2018,2.99,2.87,2.96,2.92,2.99,3.04,2.95,2.89,2.94,2.89,2.99,3.1,2.93,2.9,2.95,3.03,3.14
8/20/2018,3,2.88,2.96,2.94,2.99,3.05,2.95,2.9,2.94,2.89,3,3.11,2.94,2.92,2.97,3.04,3.15
8/13/2018,3.01,2.89,2.97,2.95,3,3.05,2.96,2.91,2.95,2.9,3.01,3.1,2.96,2.93,2.97,3.06,3.15
8/6/2018,3.01,2.9,2.97,2.96,3,3.06,2.95,2.93,2.95,2.9,3.01,3.1,2.97,2.93,2.97,3.06,3.16
7/30/2018,3,2.88,2.97,2.92,3,3.05,2.91,2.91,2.9,2.89,3,3.1,2.95,2.9,2.96,3.05,3.16
7/23/2018,3.01,2.89,2.97,2.93,3,3.06,2.91,2.92,2.91,2.9,3.01,3.1,2.95,2.91,2.97,3.06,3.16
7/16/2018,3.02,2.91,2.97,2.95,3,3.07,2.92,2.93,2.92,2.91,3.03,3.11,2.97,2.92,2.98,3.06,3.17
7/9/2018,3.02,2.92,2.97,2.97,3,3.07,2.93,2.95,2.91,2.9,3.03,3.12,2.98,2.92,2.98,3.05,3.17
7/2/2018,3.02,2.92,2.97,2.94,3,3.07,2.9,2.96,2.89,2.89,3.02,3.11,2.96,2.9,2.98,3.06,3.17
6/25/2018,3.03,2.94,2.99,2.96,3.01,3.09,2.93,2.97,2.92,2.92,3.04,3.13,2.98,2.93,3.01,3.07,3.18
6/18/2018,3.06,2.97,2.99,2.98,3.01,3.1,2.96,3,2.96,2.96,3.07,3.16,3,2.98,3.04,3.09,3.2
6/11/2018,3.08,2.99,3,3,3.02,3.12,2.96,3.03,2.99,2.98,3.1,3.19,3.02,3.01,3.07,3.11,3.21
6/4/2018,3.09,3.01,3,3.01,3.01,3.13,2.98,3.04,3.01,3,3.12,3.21,3.03,3.04,3.08,3.12,3.21
5/28/2018,3.09,3.01,3,3.02,2.99,3.12,2.98,3.04,3.01,2.99,3.12,3.2,3.03,3.05,3.09,3.11,3.2
5/21/2018,3.04,2.94,2.93,3,2.94,3.07,2.97,2.96,2.98,2.95,3.07,3.14,2.98,3.01,3.04,3.05,3.15
5/14/2018,2.98,2.87,2.88,2.94,2.89,3.01,2.91,2.88,2.92,2.91,3.01,3.08,2.91,2.95,2.97,2.98,3.09
5/7/2018,2.95,2.84,2.86,2.92,2.86,2.98,2.88,2.85,2.91,2.89,2.99,3.05,2.88,2.92,2.94,2.96,3.06
4/30/2018,2.92,2.82,2.84,2.91,2.81,2.96,2.87,2.83,2.89,2.88,2.96,3.02,2.87,2.9,2.91,2.93,3.03
4/23/2018,2.85,2.76,2.78,2.84,2.77,2.87,2.82,2.77,2.83,2.82,2.88,2.94,2.83,2.83,2.84,2.85,2.96
4/16/2018,2.79,2.7,2.71,2.77,2.73,2.81,2.75,2.72,2.75,2.76,2.81,2.88,2.73,2.74,2.76,2.79,2.89
4/9/2018,2.77,2.68,2.69,2.74,2.71,2.78,2.7,2.68,2.73,2.73,2.79,2.86,2.71,2.71,2.74,2.78,2.87
4/2/2018,2.76,2.65,2.68,2.74,2.71,2.77,2.7,2.65,2.72,2.72,2.78,2.85,2.71,2.71,2.73,2.77,2.86
3/26/2018,2.71,2.61,2.65,2.7,2.68,2.73,2.65,2.61,2.67,2.63,2.71,2.79,2.67,2.66,2.7,2.71,2.83
3/19/2018,2.69,2.6,2.65,2.68,2.66,2.72,2.64,2.6,2.65,2.6,2.68,2.76,2.63,2.61,2.7,2.71,2.82
3/12/2018,2.7,2.61,2.66,2.69,2.67,2.72,2.65,2.62,2.66,2.61,2.69,2.77,2.65,2.62,2.71,2.72,2.82
3/5/2018,2.71,2.62,2.67,2.7,2.67,2.73,2.66,2.65,2.67,2.64,2.71,2.79,2.67,2.64,2.72,2.74,2.83
2/26/2018,2.73,2.64,2.67,2.7,2.68,2.74,2.67,2.67,2.69,2.66,2.73,2.8,2.68,2.66,2.73,2.76,2.84
2/19/2018,2.75,2.66,2.67,2.72,2.68,2.76,2.7,2.69,2.72,2.69,2.76,2.82,2.69,2.69,2.75,2.78,2.85
2/12/2018,2.77,2.68,2.69,2.75,2.69,2.77,2.73,2.71,2.73,2.71,2.78,2.85,2.71,2.72,2.76,2.79,2.86
2/5/2018,2.76,2.68,2.67,2.74,2.68,2.77,2.74,2.72,2.74,2.72,2.79,2.85,2.7,2.72,2.76,2.78,2.86
1/29/2018,2.73,2.64,2.64,2.71,2.66,2.74,2.69,2.68,2.69,2.68,2.75,2.81,2.67,2.68,2.72,2.74,2.84
1/22/2018,2.69,2.6,2.61,2.65,2.64,2.7,2.63,2.64,2.65,2.62,2.69,2.78,2.63,2.62,2.66,2.69,2.81
1/15/2018,2.67,2.59,2.61,2.63,2.63,2.69,2.61,2.64,2.64,2.6,2.66,2.75,2.62,2.61,2.65,2.68,2.79
1/8/2018,2.66,2.58,2.6,2.62,2.62,2.68,2.56,2.64,2.61,2.58,2.63,2.74,2.59,2.59,2.64,2.67,2.79
1/1/2018,2.63,2.53,2.59,2.59,2.62,2.68,2.5,2.59,2.58,2.54,2.6,2.72,2.55,2.53,2.6,2.63,2.77
12/25/2017,2.62,2.52,2.6,2.58,2.63,2.68,2.51,2.57,2.58,2.53,2.6,2.72,2.54,2.52,2.58,2.63,2.77
12/18/2017,2.64,2.54,2.61,2.6,2.64,2.69,2.54,2.59,2.6,2.55,2.61,2.73,2.55,2.53,2.6,2.64,2.79
12/11/2017,2.66,2.57,2.62,2.62,2.65,2.71,2.58,2.61,2.62,2.58,2.63,2.75,2.58,2.56,2.62,2.66,2.8
12/4/2017,2.68,2.6,2.63,2.63,2.65,2.72,2.6,2.64,2.63,2.59,2.66,2.77,2.6,2.58,2.63,2.67,2.81
11/27/2017,2.68,2.61,2.63,2.64,2.65,2.72,2.6,2.65,2.63,2.6,2.67,2.78,2.61,2.59,2.64,2.68,2.82
11/20/2017,2.7,2.63,2.64,2.65,2.66,2.74,2.62,2.69,2.65,2.62,2.68,2.79,2.64,2.6,2.65,2.71,2.83
11/13/2017,2.69,2.63,2.63,2.64,2.65,2.74,2.62,2.69,2.63,2.61,2.67,2.8,2.64,2.6,2.64,2.71,2.82
11/6/2017,2.65,2.59,2.6,2.6,2.64,2.72,2.58,2.65,2.59,2.57,2.62,2.77,2.6,2.54,2.6,2.67,2.8
10/30/2017,2.64,2.58,2.59,2.59,2.65,2.72,2.57,2.65,2.58,2.55,2.6,2.77,2.56,2.48,2.59,2.66,2.81
10/23/2017,2.65,2.6,2.61,2.61,2.67,2.74,2.57,2.66,2.59,2.56,2.62,2.78,2.56,2.46,2.62,2.67,2.82
10/16/2017,2.68,2.62,2.68,2.64,2.69,2.76,2.62,2.66,2.62,2.59,2.66,2.81,2.61,2.5,2.66,2.69,2.84
10/9/2017,2.72,2.65,2.72,2.68,2.71,2.8,2.65,2.68,2.68,2.63,2.71,2.85,2.66,2.56,2.68,2.72,2.87
10/2/2017,2.76,2.67,2.73,2.71,2.73,2.83,2.67,2.69,2.71,2.68,2.76,2.88,2.71,2.64,2.72,2.75,2.9
9/25/2017,2.79,2.7,2.73,2.74,2.75,2.85,2.71,2.71,2.74,2.73,2.81,2.93,2.75,2.7,2.75,2.78,2.93
9/18/2017,2.82,2.72,2.74,2.76,2.76,2.88,2.74,2.73,2.77,2.77,2.85,2.96,2.76,2.75,2.77,2.79,2.96
9/11/2017,2.82,2.72,2.71,2.76,2.73,2.9,2.73,2.73,2.76,2.78,2.87,2.97,2.74,2.74,2.78,2.76,2.95
9/4/2017,2.58,2.48,2.49,2.53,2.51,2.63,2.5,2.51,2.52,2.53,2.63,2.72,2.51,2.49,2.53,2.55,2.71
8/28/2017,2.48,2.34,2.4,2.43,2.43,2.51,2.4,2.38,2.42,2.4,2.51,2.61,2.41,2.36,2.42,2.45,2.61
8/21/2017,2.48,2.35,2.41,2.43,2.42,2.52,2.4,2.38,2.42,2.41,2.52,2.61,2.42,2.38,2.42,2.45,2.62
8/14/2017,2.48,2.36,2.39,2.43,2.38,2.52,2.4,2.4,2.42,2.42,2.53,2.62,2.42,2.39,2.43,2.44,2.62
8/7/2017,2.47,2.35,2.38,2.42,2.37,2.52,2.39,2.41,2.41,2.41,2.52,2.61,2.4,2.38,2.41,2.43,2.61
7/31/2017,2.44,2.32,2.38,2.38,2.35,2.5,2.33,2.38,2.37,2.36,2.48,2.59,2.36,2.33,2.38,2.4,2.59
7/24/2017,2.42,2.3,2.37,2.36,2.34,2.49,2.28,2.34,2.36,2.33,2.45,2.58,2.35,2.3,2.37,2.39,2.59
7/17/2017,2.41,2.28,2.37,2.36,2.34,2.48,2.28,2.32,2.35,2.32,2.44,2.57,2.34,2.27,2.36,2.38,2.58
7/10/2017,2.42,2.29,2.38,2.36,2.34,2.49,2.28,2.33,2.36,2.32,2.44,2.58,2.34,2.28,2.37,2.39,2.58
7/3/2017,2.43,2.3,2.39,2.38,2.35,2.5,2.3,2.34,2.36,2.33,2.46,2.59,2.36,2.29,2.38,2.4,2.59
6/26/2017,2.45,2.32,2.41,2.39,2.37,2.52,2.32,2.35,2.38,2.35,2.47,2.6,2.38,2.31,2.4,2.41,2.6
6/19/2017,2.48,2.36,2.43,2.42,2.41,2.54,2.37,2.37,2.41,2.38,2.5,2.62,2.41,2.35,2.42,2.44,2.61
6/12/2017,2.5,2.39,2.43,2.44,2.42,2.55,2.41,2.42,2.43,2.41,2.52,2.63,2.43,2.38,2.44,2.47,2.63
6/5/2017,2.51,2.42,2.43,2.47,2.43,2.56,2.45,2.45,2.44,2.42,2.53,2.64,2.45,2.41,2.46,2.48,2.63
5/29/2017,2.51,2.43,2.43,2.47,2.43,2.56,2.41,2.45,2.44,2.41,2.53,2.64,2.44,2.4,2.45,2.47,2.63
5/22/2017,2.5,2.42,2.42,2.45,2.43,2.55,2.38,2.45,2.43,2.4,2.52,2.63,2.42,2.38,2.45,2.47,2.62
5/15/2017,2.51,2.43,2.42,2.46,2.45,2.54,2.4,2.46,2.45,2.41,2.53,2.63,2.43,2.4,2.46,2.48,2.62
5/8/2017,2.52,2.44,2.43,2.48,2.47,2.56,2.42,2.48,2.47,2.43,2.55,2.64,2.45,2.43,2.48,2.5,2.64
5/1/2017,2.54,2.46,2.43,2.5,2.49,2.56,2.46,2.5,2.48,2.45,2.56,2.65,2.47,2.46,2.5,2.51,2.64
4/24/2017,2.53,2.47,2.42,2.51,2.49,2.56,2.48,2.51,2.49,2.46,2.54,2.64,2.47,2.47,2.5,2.52,2.64
4/17/2017,2.51,2.44,2.4,2.49,2.48,2.52,2.48,2.48,2.48,2.44,2.51,2.62,2.45,2.44,2.48,2.51,2.61
4/10/2017,2.47,2.37,2.37,2.41,2.43,2.49,2.4,2.4,2.42,2.39,2.47,2.6,2.39,2.37,2.42,2.46,2.58
4/3/2017,2.43,2.31,2.33,2.37,2.4,2.46,2.34,2.34,2.38,2.35,2.42,2.58,2.34,2.3,2.37,2.41,2.56
3/27/2017,2.42,2.31,2.33,2.37,2.4,2.46,2.31,2.35,2.38,2.33,2.42,2.58,2.34,2.29,2.36,2.41,2.56
3/20/2017,2.43,2.31,2.34,2.37,2.41,2.46,2.31,2.35,2.38,2.33,2.44,2.59,2.35,2.3,2.37,2.42,2.57
3/13/2017,2.44,2.31,2.34,2.38,2.41,2.47,2.33,2.34,2.39,2.33,2.45,2.59,2.35,2.31,2.38,2.43,2.57
3/6/2017,2.45,2.32,2.36,2.39,2.42,2.49,2.35,2.34,2.4,2.35,2.47,2.61,2.36,2.33,2.39,2.45,2.58
2/27/2017,2.47,2.34,2.38,2.4,2.43,2.51,2.35,2.34,2.41,2.36,2.49,2.62,2.37,2.34,2.41,2.46,2.59
2/20/2017,2.48,2.36,2.4,2.41,2.44,2.52,2.35,2.35,2.42,2.38,2.51,2.63,2.39,2.35,2.41,2.46,2.6
2/13/2017,2.48,2.36,2.4,2.41,2.44,2.52,2.35,2.35,2.42,2.39,2.51,2.64,2.4,2.33,2.41,2.46,2.61
2/6/2017,2.5,2.38,2.42,2.43,2.46,2.53,2.37,2.36,2.44,2.41,2.52,2.65,2.42,2.36,2.42,2.47,2.62
1/30/2017,2.51,2.4,2.43,2.46,2.46,2.54,2.41,2.39,2.46,2.44,2.54,2.66,2.45,2.38,2.45,2.5,2.63
1/23/2017,2.53,2.43,2.44,2.48,2.47,2.56,2.44,2.43,2.48,2.47,2.56,2.66,2.47,2.42,2.46,2.52,2.64
1/16/2017,2.54,2.45,2.45,2.5,2.47,2.58,2.47,2.45,2.49,2.49,2.57,2.66,2.48,2.44,2.48,2.53,2.65
,,,,,,,,,,,,,,,,,
,,,,,,,,,,,,,,,,,
,,,,,,,,,,,,,,,,,
,,,,,,,,,,,,,,,,,
,,,,,,,,,,,,,,,,,
,,,,,,,,,,,,,,,,,
,,,,,,,,,,,,,,,,,
,,,,,,,,,,,,,,,,,
,,,,,,,,,,,,,,,,,
,,,,,,,,,,,,,,,,,
,,,,,,,,,,,,,,,,,
,,,,,,,,,,,,,,,,,
,,,,,,,,,,,,,,,,,
,,,,,,,,,,,,,,,,,
,,,,,,,,,,,,,,,,,
,,,,,,,,,,,,,,,,,
,,,,,,,,,,,,,,,,,
,,,,,,,,,,,,,,,,,
,,,,,,,,,,,,,,,,,
,,,,,,,,,,,,,,,,,
,,,,,,,,,,,,,,,,,
,,,,,,,,,,,,,,,,,
,,,,,,,,,,,,,,,,,
,,,,,,,,,,,,,,,,,
,,,,,,,,,,,,,,,,,
,,,,,,,,,,,,,,,,,
,,,,,,,,,,,,,,,,,
,,,,,,,,,,,,,,,,,
,,,,,,,,,,,,,,,,,
,,,,,,,,,,,,,,,,,
,,,,,,,,,,,,,,,,,
,,,,,,,,,,,,,,,,,
,,,,,,,,,,,,,,,,,
,,,,,,,,,,,,,,,,,
,,,,,,,,,,,,,,,,,
,,,,,,,,,,,,,,,,,
,,,,,,,,,,,,,,,,,
,,,,,,,,,,,,,,,,,
,,,,,,,,,,,,,,,,,
,,,,,,,,,,,,,,,,,
,,,,,,,,,,,,,,,,,
,,,,,,,,,,,,,,,,,
,,,,,,,,,,,,,,,,,
,,,,,,,,,,,,,,,,,
,,,,,,,,,,,,,,,,,
,,,,,,,,,,,,,,,,,
,,,,,,,,,,,,,,,,,
,,,,,,,,,,,,,,,,,
,,,,,,,,,,,,,,,,,
,,,,,,,,,,,,,,,,,
,,,,,,,,,,,,,,,,,
,,,,,,,,,,,,,,,,,
,,,,,,,,,,,,,,,,,
,,,,,,,,,,,,,,,,,
,,,,,,,,,,,,,,,,,
,,,,,,,,,,,,,,,,,
,,,,,,,,,,,,,,,,,
,,,,,,,,,,,,,,,,,
,,,,,,,,,,,,,,,,,
,,,,,,,,,,,,,,,,,
,,,,,,,,,,,,,,,,,
,,,,,,,,,,,,,,,,,
,,,,,,,,,,,,,,,,,
,,,,,,,,,,,,,,,,,
,,,,,,,,,,,,,,,,,
,,,,,,,,,,,,,,,,,
,,,,,,,,,,,,,,,,,
,,,,,,,,,,,,,,,,,
,,,,,,,,,,,,,,,,,
,,,,,,,,,,,,,,,,,
,,,,,,,,,,,,,,,,,
,,,,,,,,,,,,,,,,,
,,,,,,,,,,,,,,,,,
,,,,,,,,,,,,,,,,,
,,,,,,,,,,,,,,,,,
,,,,,,,,,,,,,,,,,
,,,,,,,,,,,,,,,,,
,,,,,,,,,,,,,,,,,
,,,,,,,,,,,,,,,,,
,,,,,,,,,,,,,,,,,
,,,,,,,,,,,,,,,,,
,,,,,,,,,,,,,,,,,
,,,,,,,,,,,,,,,,,
,,,,,,,,,,,,,,,,,
,,,,,,,,,,,,,,,,,
,,,,,,,,,,,,,,,,,
,,,,,,,,,,,,,,,,,
,,,,,,,,,,,,,,,,,
,,,,,,,,,,,,,,,,,
,,,,,,,,,,,,,,,,,
,,,,,,,,,,,,,,,,,
,,,,,,,,,,,,,,,,,
,,,,,,,,,,,,,,,,,
,,,,,,,,,,,,,,,,,
,,,,,,,,,,,,,,,,,
,,,,,,,,,,,,,,,,,
,,,,,,,,,,,,,,,,,
,,,,,,,,,,,,,,,,,
,,,,,,,,,,,,,,,,,
,,,,,,,,,,,,,,,,,
,,,,,,,,,,,,,,,,,
,,,,,,,,,,,,,,,,,
,,,,,,,,,,,,,,,,,
,,,,,,,,,,,,,,,,,
,,,,,,,,,,,,,,,,,
,,,,,,,,,,,,,,,,,
,,,,,,,,,,,,,,,,,
,,,,,,,,,,,,,,,,,
,,,,,,,,,,,,,,,,,
,,,,,,,,,,,,,,,,,
,,,,,,,,,,,,,,,,,
,,,,,,,,,,,,,,,,,
,,,,,,,,,,,,,,,,,
,,,,,,,,,,,,,,,,,
,,,,,,,,,,,,,,,,,
,,,,,,,,,,,,,,,,,
,,,,,,,,,,,,,,,,,
,,,,,,,,,,,,,,,,,
,,,,,,,,,,,,,,,,,
,,,,,,,,,,,,,,,,,
,,,,,,,,,,,,,,,,,
,,,,,,,,,,,,,,,,,
,,,,,,,,,,,,,,,,,
,,,,,,,,,,,,,,,,,
,,,,,,,,,,,,,,,,,
,,,,,,,,,,,,,,,,,
,,,,,,,,,,,,,,,,,
,,,,,,,,,,,,,,,,,
,,,,,,,,,,,,,,,,,
,,,,,,,,,,,,,,,,,
,,,,,,,,,,,,,,,,,
,,,,,,,,,,,,,,,,,
,,,,,,,,,,,,,,,,,
,,,,,,,,,,,,,,,,,
,,,,,,,,,,,,,,,,,
,,,,,,,,,,,,,,,,,
,,,,,,,,,,,,,,,,,
,,,,,,,,,,,,,,,,,
,,,,,,,,,,,,,,,,,
,,,,,,,,,,,,,,,,,
,,,,,,,,,,,,,,,,,
,,,,,,,,,,,,,,,,,
,,,,,,,,,,,,,,,,,
,,,,,,,,,,,,,,,,,
,,,,,,,,,,,,,,,,,
,,,,,,,,,,,,,,,,,
,,,,,,,,,,,,,,,,,
,,,,,,,,,,,,,,,,,
,,,,,,,,,,,,,,,,,
,,,,,,,,,,,,,,,,,
,,,,,,,,,,,,,,,,,
,,,,,,,,,,,,,,,,,
,,,,,,,,,,,,,,,,,
,,,,,,,,,,,,,,,,,
,,,,,,,,,,,,,,,,,
,,,,,,,,,,,,,,,,,
,,,,,,,,,,,,,,,,,
,,,,,,,,,,,,,,,,,
,,,,,,,,,,,,,,,,,
,,,,,,,,,,,,,,,,,
,,,,,,,,,,,,,,,,,
,,,,,,,,,,,,,,,,,
,,,,,,,,,,,,,,,,,
,,,,,,,,,,,,,,,,,
,,,,,,,,,,,,,,,,,
,,,,,,,,,,,,,,,,,
,,,,,,,,,,,,,,,,,
,,,,,,,,,,,,,,,,,
,,,,,,,,,,,,,,,,,
,,,,,,,,,,,,,,,,,
,,,,,,,,,,,,,,,,,
,,,,,,,,,,,,,,,,,
,,,,,,,,,,,,,,,,,
,,,,,,,,,,,,,,,,,
,,,,,,,,,,,,,,,,,
,,,,,,,,,,,,,,,,,
,,,,,,,,,,,,,,,,,
,,,,,,,,,,,,,,,,,
,,,,,,,,,,,,,,,,,
,,,,,,,,,,,,,,,,,
,,,,,,,,,,,,,,,,,
,,,,,,,,,,,,,,,,,
,,,,,,,,,,,,,,,,,
,,,,,,,,,,,,,,,,,
,,,,,,,,,,,,,,,,,
,,,,,,,,,,,,,,,,,
,,,,,,,,,,,,,,,,,
,,,,,,,,,,,,,,,,,
,,,,,,,,,,,,,,,,,
,,,,,,,,,,,,,,,,,
,,,,,,,,,,,,,,,,,
,,,,,,,,,,,,,,,,,
,,,,,,,,,,,,,,,,,
,,,,,,,,,,,,,,,,,
,,,,,,,,,,,,,,,,,
,,,,,,,,,,,,,,,,,
,,,,,,,,,,,,,,,,,
,,,,,,,,,,,,,,,,,
,,,,,,,,,,,,,,,,,
,,,,,,,,,,,,,,,,,
,,,,,,,,,,,,,,,,,
,,,,,,,,,,,,,,,,,
,,,,,,,,,,,,,,,,,
,,,,,,,,,,,,,,,,,
,,,,,,,,,,,,,,,,,
,,,,,,,,,,,,,,,,,
,,,,,,,,,,,,,,,,,
,,,,,,,,,,,,,,,,,
,,,,,,,,,,,,,,,,,
,,,,,,,,,,,,,,,,,
,,,,,,,,,,,,,,,,,
,,,,,,,,,,,,,,,,,
,,,,,,,,,,,,,,,,,
,,,,,,,,,,,,,,,,,
,,,,,,,,,,,,,,,,,
,,,,,,,,,,,,,,,,,
,,,,,,,,,,,,,,,,,
,,,,,,,,,,,,,,,,,
,,,,,,,,,,,,,,,,,
,,,,,,,,,,,,,,,,,
,,,,,,,,,,,,,,,,,
,,,,,,,,,,,,,,,,,
,,,,,,,,,,,,,,,,,
,,,,,,,,,,,,,,,,,
,,,,,,,,,,,,,,,,,
,,,,,,,,,,,,,,,,,
,,,,,,,,,,,,,,,,,
,,,,,,,,,,,,,,,,,
,,,,,,,,,,,,,,,,,
,,,,,,,,,,,,,,,,,
,,,,,,,,,,,,,,,,,
,,,,,,,,,,,,,,,,,
,,,,,,,,,,,,,,,,,
,,,,,,,,,,,,,,,,,
,,,,,,,,,,,,,,,,,
,,,,,,,,,,,,,,,,,
,,,,,,,,,,,,,,,,,
,,,,,,,,,,,,,,,,,
,,,,,,,,,,,,,,,,,
,,,,,,,,,,,,,,,,,
,,,,,,,,,,,,,,,,,
,,,,,,,,,,,,,,,,,
,,,,,,,,,,,,,,,,,
,,,,,,,,,,,,,,,,,
,,,,,,,,,,,,,,,,,
,,,,,,,,,,,,,,,,,
,,,,,,,,,,,,,,,,,
,,,,,,,,,,,,,,,,,
,,,,,,,,,,,,,,,,,
,,,,,,,,,,,,,,,,,
,,,,,,,,,,,,,,,,,
,,,,,,,,,,,,,,,,,
,,,,,,,,,,,,,,,,,
,,,,,,,,,,,,,,,,,
,,,,,,,,,,,,,,,,,
,,,,,,,,,,,,,,,,,
,,,,,,,,,,,,,,,,,
,,,,,,,,,,,,,,,,,
,,,,,,,,,,,,,,,,,
,,,,,,,,,,,,,,,,,
,,,,,,,,,,,,,,,,,
,,,,,,,,,,,,,,,,,
,,,,,,,,,,,,,,,,,
,,,,,,,,,,,,,,,,,
,,,,,,,,,,,,,,,,,
,,,,,,,,,,,,,,,,,
,,,,,,,,,,,,,,,,,
,,,,,,,,,,,,,,,,,
,,,,,,,,,,,,,,,,,
,,,,,,,,,,,,,,,,,
,,,,,,,,,,,,,,,,,
,,,,,,,,,,,,,,,,,
,,,,,,,,,,,,,,,,,
,,,,,,,,,,,,,,,,,
,,,,,,,,,,,,,,,,,
,,,,,,,,,,,,,,,,,
,,,,,,,,,,,,,,,,,
,,,,,,,,,,,,,,,,,
,,,,,,,,,,,,,,,,,
,,,,,,,,,,,,,,,,,
,,,,,,,,,,,,,,,,,
,,,,,,,,,,,,,,,,,
,,,,,,,,,,,,,,,,,
,,,,,,,,,,,,,,,,,
,,,,,,,,,,,,,,,,,
,,,,,,,,,,,,,,,,,
,,,,,,,,,,,,,,,,,
,,,,,,,,,,,,,,,,,
,,,,,,,,,,,,,,,,,
,,,,,,,,,,,,,,,,,
,,,,,,,,,,,,,,,,,
,,,,,,,,,,,,,,,,,
,,,,,,,,,,,,,,,,,
,,,,,,,,,,,,,,,,,
,,,,,,,,,,,,,,,,,
,,,,,,,,,,,,,,,,,
,,,,,,,,,,,,,,,,,
,,,,,,,,,,,,,,,,,
,,,,,,,,,,,,,,,,,
,,,,,,,,,,,,,,,,,
,,,,,,,,,,,,,,,,,
,,,,,,,,,,,,,,,,,
,,,,,,,,,,,,,,,,,
,,,,,,,,,,,,,,,,,
,,,,,,,,,,,,,,,,,
,,,,,,,,,,,,,,,,,
,,,,,,,,,,,,,,,,,
,,,,,,,,,,,,,,,,,
,,,,,,,,,,,,,,,,,
,,,,,,,,,,,,,,,,,
,,,,,,,,,,,,,,,,,
,,,,,,,,,,,,,,,,,
,,,,,,,,,,,,,,,,,
,,,,,,,,,,,,,,,,,
,,,,,,,,,,,,,,,,,
,,,,,,,,,,,,,,,,,
,,,,,,,,,,,,,,,,,
,,,,,,,,,,,,,,,,,
,,,,,,,,,,,,,,,,,
,,,,,,,,,,,,,,,,,
,,,,,,,,,,,,,,,,,
,,,,,,,,,,,,,,,,,
,,,,,,,,,,,,,,,,,
,,,,,,,,,,,,,,,,,
,,,,,,,,,,,,,,,,,
,,,,,,,,,,,,,,,,,
,,,,,,,,,,,,,,,,,
,,,,,,,,,,,,,,,,,
,,,,,,,,,,,,,,,,,
,,,,,,,,,,,,,,,,,
,,,,,,,,,,,,,,,,,
,,,,,,,,,,,,,,,,,
,,,,,,,,,,,,,,,,,
,,,,,,,,,,,,,,,,,
,,,,,,,,,,,,,,,,,
,,,,,,,,,,,,,,,,,
,,,,,,,,,,,,,,,,,
,,,,,,,,,,,,,,,,,
,,,,,,,,,,,,,,,,,
,,,,,,,,,,,,,,,,,
,,,,,,,,,,,,,,,,,
,,,,,,,,,,,,,,,,,
,,,,,,,,,,,,,,,,,
,,,,,,,,,,,,,,,,,
,,,,,,,,,,,,,,,,,
,,,,,,,,,,,,,,,,,
,,,,,,,,,,,,,,,,,
,,,,,,,,,,,,,,,,,
,,,,,,,,,,,,,,,,,
,,,,,,,,,,,,,,,,,
,,,,,,,,,,,,,,,,,
,,,,,,,,,,,,,,,,,
,,,,,,,,,,,,,,,,,
,,,,,,,,,,,,,,,,,
,,,,,,,,,,,,,,,,,
,,,,,,,,,,,,,,,,,
,,,,,,,,,,,,,,,,,
,,,,,,,,,,,,,,,,,
,,,,,,,,,,,,,,,,,
,,,,,,,,,,,,,,,,,
,,,,,,,,,,,,,,,,,
,,,,,,,,,,,,,,,,,
,,,,,,,,,,,,,,,,,
,,,,,,,,,,,,,,,,,
,,,,,,,,,,,,,,,,,
,,,,,,,,,,,,,,,,,
,,,,,,,,,,,,,,,,,
,,,,,,,,,,,,,,,,,
,,,,,,,,,,,,,,,,,
,,,,,,,,,,,,,,,,,
,,,,,,,,,,,,,,,,,
,,,,,,,,,,,,,,,,,
,,,,,,,,,,,,,,,,,
,,,,,,,,,,,,,,,,,
,,,,,,,,,,,,,,,,,
,,,,,,,,,,,,,,,,,
,,,,,,,,,,,,,,,,,
,,,,,,,,,,,,,,,,,
,,,,,,,,,,,,,,,,,
,,,,,,,,,,,,,,,,,
,,,,,,,,,,,,,,,,,
,,,,,,,,,,,,,,,,,
,,,,,,,,,,,,,,,,,
,,,,,,,,,,,,,,,,,
,,,,,,,,,,,,,,,,,
,,,,,,,,,,,,,,,,,
,,,,,,,,,,,,,,,,,
,,,,,,,,,,,,,,,,,
,,,,,,,,,,,,,,,,,
,,,,,,,,,,,,,,,,,
,,,,,,,,,,,,,,,,,
,,,,,,,,,,,,,,,,,
,,,,,,,,,,,,,,,,,
,,,,,,,,,,,,,,,,,
,,,,,,,,,,,,,,,,,
,,,,,,,,,,,,,,,,,
,,,,,,,,,,,,,,,,,
,,,,,,,,,,,,,,,,,
,,,,,,,,,,,,,,,,,
,,,,,,,,,,,,,,,,,
,,,,,,,,,,,,,,,,,
,,,,,,,,,,,,,,,,,
,,,,,,,,,,,,,,,,,
,,,,,,,,,,,,,,,,,
,,,,,,,,,,,,,,,,,
,,,,,,,,,,,,,,,,,
,,,,,,,,,,,,,,,,,
,,,,,,,,,,,,,,,,,
,,,,,,,,,,,,,,,,,
,,,,,,,,,,,,,,,,,
,,,,,,,,,,,,,,,,,
,,,,,,,,,,,,,,,,,
,,,,,,,,,,,,,,,,,
,,,,,,,,,,,,,,,,,
,,,,,,,,,,,,,,,,,
,,,,,,,,,,,,,,,,,
,,,,,,,,,,,,,,,,,
,,,,,,,,,,,,,,,,,
,,,,,,,,,,,,,,,,,
,,,,,,,,,,,,,,,,,
,,,,,,,,,,,,,,,,,
,,,,,,,,,,,,,,,,,
,,,,,,,,,,,,,,,,,
,,,,,,,,,,,,,,,,,
,,,,,,,,,,,,,,,,,
,,,,,,,,,,,,,,,,,
,,,,,,,,,,,,,,,,,
,,,,,,,,,,,,,,,,,
,,,,,,,,,,,,,,,,,
,,,,,,,,,,,,,,,,,
,,,,,,,,,,,,,,,,,
,,,,,,,,,,,,,,,,,
,,,,,,,,,,,,,,,,,
,,,,,,,,,,,,,,,,,
,,,,,,,,,,,,,,,,,
,,,,,,,,,,,,,,,,,
,,,,,,,,,,,,,,,,,
,,,,,,,,,,,,,,,,,
,,,,,,,,,,,,,,,,,
,,,,,,,,,,,,,,,,,
,,,,,,,,,,,,,,,,,
,,,,,,,,,,,,,,,,,
,,,,,,,,,,,,,,,,,
,,,,,,,,,,,,,,,,,
,,,,,,,,,,,,,,,,,
,,,,,,,,,,,,,,,,,
,,,,,,,,,,,,,,,,,
,,,,,,,,,,,,,,,,,
,,,,,,,,,,,,,,,,,
,,,,,,,,,,,,,,,,,
,,,,,,,,,,,,,,,,,
,,,,,,,,,,,,,,,,,
,,,,,,,,,,,,,,,,,
,,,,,,,,,,,,,,,,,
,,,,,,,,,,,,,,,,,
,,,,,,,,,,,,,,,,,
,,,,,,,,,,,,,,,,,
,,,,,,,,,,,,,,,,,
,,,,,,,,,,,,,,,,,
,,,,,,,,,,,,,,,,,
,,,,,,,,,,,,,,,,,
,,,,,,,,,,,,,,,,,
,,,,,,,,,,,,,,,,,
,,,,,,,,,,,,,,,,,
,,,,,,,,,,,,,,,,,
,,,,,,,,,,,,,,,,,
,,,,,,,,,,,,,,,,,
,,,,,,,,,,,,,,,,,
,,,,,,,,,,,,,,,,,
,,,,,,,,,,,,,,,,,
,,,,,,,,,,,,,,,,,
,,,,,,,,,,,,,,,,,
,,,,,,,,,,,,,,,,,
,,,,,,,,,,,,,,,,,
,,,,,,,,,,,,,,,,,
,,,,,,,,,,,,,,,,,
,,,,,,,,,,,,,,,,,
,,,,,,,,,,,,,,,,,
,,,,,,,,,,,,,,,,,
,,,,,,,,,,,,,,,,,
,,,,,,,,,,,,,,,,,
